{"main":"american-flights-api-1.raml","name":"American Flights API-1","organizationId":"7602c5a7-7f8e-4fec-99be-51448e38221f","groupId":"7602c5a7-7f8e-4fec-99be-51448e38221f","assetId":"american-flights-api-1","version":"1.0.3","metadata":{"branchId":"master","commitId":"150d30d09ed1d8fac0711e3675a97d8fbe2652fb","projectId":"a83fc47e-86be-421a-954e-11dc83e9c4be"},"apiVersion":"v1","classifier":"raml","dependencies":[{"assetId":"training-american-flight-data-type","groupId":"68ef9520-24e9-4cf2-b2f5-620025690913","version":"1.0.1"},{"assetId":"training-american-flights-example","groupId":"68ef9520-24e9-4cf2-b2f5-620025690913","version":"1.0.1"}],"tags":[],"originalFormatVersion":"1.0"}